filename, Recursive, Method, Dataset, Coverage, DT F1, DT vs SR ttest F1, Ensemble F1, Ensemble vs SR p-value F1, RFIT F1, RFIT vs SR p-value F1, RFIT \# rl. num., RC vs SR p-value \# rl. num., RC F1, RC vs SR ttest F1, RC \# rl. num., RC vs SR p-value \# rl. num., SR F1, SR \# rl. num., SR F1 x coverage 
../../Results/battery_tic-tac-toe_<class 'catboost.core.CatBoostClassifier'>_recurFalse_p_significance0.95_min_accuracy0.95_minIns5_minImp0.05_sortingtarget_accuracy.csv,  False, <class 'catboost.core.CatBoostClassifier'>, tic-tac-toe, 48.71±6.08, 99.46±0.98, 0.0083, 88.94±2.77, <0.0001, 99.92±0.31, 0.5797, 21±1.74, <0.0001, 88.94±2.77, <0.0001, 1±0.0, <0.0001, 99.96±0.23, 12.27±3.67, 48.69±0.01
../../Results/battery_tic-tac-toe_<class 'catboost.core.CatBoostClassifier'>_recurFalse_p_significance0.95_min_accuracy0.95_minIns7_minImp0.05_sortingtarget_accuracy.csv,  False, <class 'catboost.core.CatBoostClassifier'>, tic-tac-toe, 47.88±5.33, 99.17±1.1, 0.0006, 89.25±2.75, <0.0001, 100.0±0.0, 0.1585, 21.4±1.89, <0.0001, 89.25±2.75, <0.0001, 1±0.0, <0.0001, 99.92±0.3, 9.13±1.41, 47.84±0.02
../../Results/battery_tic-tac-toe_<class 'catboost.core.CatBoostClassifier'>_recurFalse_p_significance0.95_min_accuracy0.95_minIns10_minImp0.05_sortingtarget_accuracy.csv,  False, <class 'catboost.core.CatBoostClassifier'>, tic-tac-toe, 47.25±4.77, 99.53±1.06, 0.0347, 88.86±2.98, <0.0001, 100.0±0.0, 0.3215, 22.1±1.79, <0.0001, 88.86±2.98, <0.0001, 1±0.0, <0.0001, 99.95±0.25, 8.1±1.49, 47.23±0.01
../../Results/battery_tic-tac-toe_<class 'catboost.core.CatBoostClassifier'>_recurFalse_p_significance0.95_min_accuracy0.95_minIns15_minImp0.05_sortingtarget_accuracy.csv,  False, <class 'catboost.core.CatBoostClassifier'>, tic-tac-toe, 42.28±4.17, 99.26±1.26, 0.0022, 88.03±3.12, <0.0001, 100.0±0.0, nan, 21.77±2.13, <0.0001, 88.03±3.12, <0.0001, 1±0.0, <0.0001, 100.0±0.0, 6±0.87, 42.28±0.0
../../Results/battery_tic-tac-toe_<class 'catboost.core.CatBoostClassifier'>_recurFalse_p_significance0.95_min_accuracy0.95_minIns20_minImp0.05_sortingtarget_accuracy.csv,  False, <class 'catboost.core.CatBoostClassifier'>, tic-tac-toe, 40.12±5.68, 99.42±1.09, 0.0053, 87.77±3.39, <0.0001, 100.0±0.0, nan, 20.4±1.69, <0.0001, 87.77±3.39, <0.0001, 1±0.0, <0.0001, 100.0±0.0, 6.13±0.73, 40.12±0.0
../../Results/battery_tic-tac-toe_<class 'catboost.core.CatBoostClassifier'>_recurFalse_p_significance0.95_min_accuracy0.95_minIns25_minImp0.05_sortingtarget_accuracy.csv,  False, <class 'catboost.core.CatBoostClassifier'>, tic-tac-toe, 40.92±5.6, 99.32±1.25, 0.0044, 88.18±4.38, <0.0001, 100.0±0.0, nan, 20.97±1.73, <0.0001, 88.18±4.38, <0.0001, 1±0.0, <0.0001, 100.0±0.0, 5.63±1.13, 40.92±0.0
../../Results/battery_tic-tac-toe_<class 'catboost.core.CatBoostClassifier'>_recurFalse_p_significance0.95_min_accuracy0.95_minIns35_minImp0.05_sortingtarget_accuracy.csv,  False, <class 'catboost.core.CatBoostClassifier'>, tic-tac-toe, 29.86±10.92, 99.09±1.73, 0.059, 90.69±6.74, <0.0001, 99.8±1.07, 1.0, 22.03±2.53, <0.0001, 90.69±6.74, <0.0001, 1±0.0, <0.0001, 99.8±1.07, 3.5±1.01, 29.8±0.12
../../Results/battery_tic-tac-toe_<class 'catboost.core.CatBoostClassifier'>_recurFalse_p_significance0.95_min_accuracy0.95_minIns50_minImp0.05_sortingtarget_accuracy.csv,  False, <class 'catboost.core.CatBoostClassifier'>, tic-tac-toe, 17.99±6.29, 100.0±0.0, nan, 100.0±0.0, nan, 100.0±0.0, nan, 21.3±1.86, <0.0001, 100.0±0.0, nan, 1±0.0, 0.0003, 100.0±0.0, 1.33±0.48, 17.99±0.0
../../Results/battery_tic-tac-toe_<class 'sklearn.ensemble._gb.GradientBoostingClassifier'>_recurFalse_p_significance0.95_min_accuracy0.95_minIns5_minImp0.05_sortingtarget_accuracy.csv,  False, <class 'sklearn.ensemble._gb.GradientBoostingClassifier'>, tic-tac-toe, 45.97±9.39, 96.45±3.63, 0.0015, 99.93±0.37, 0.0003, 98.1±2.64, 0.1929, 21.8±2.28, 0.7745, 99.72±0.66, 0.0051, 22.9±6.59, 0.5704, 98.84±1.52, 22.07±4.53, 45.43±0.14
../../Results/battery_tic-tac-toe_<class 'sklearn.ensemble._gb.GradientBoostingClassifier'>_recurFalse_p_significance0.95_min_accuracy0.95_minIns7_minImp0.05_sortingtarget_accuracy.csv,  False, <class 'sklearn.ensemble._gb.GradientBoostingClassifier'>, tic-tac-toe, 36.44±9.43, 97.52±2.6, 0.0071, 99.63±0.98, 0.1219, 98.43±2.5, 0.235, 21.67±1.63, <0.0001, 99.43±1.3, 0.3726, 23.17±6.06, <0.0001, 99.09±1.63, 14.87±4.46, 36.11±0.15
../../Results/battery_tic-tac-toe_<class 'sklearn.ensemble._gb.GradientBoostingClassifier'>_recurFalse_p_significance0.95_min_accuracy0.95_minIns10_minImp0.05_sortingtarget_accuracy.csv,  False, <class 'sklearn.ensemble._gb.GradientBoostingClassifier'>, tic-tac-toe, 33.1±8.9, 97.07±3.36, 0.0004, 100.0±0.0, 0.0345, 98.63±2.0, 0.0406, 21.07±2.43, <0.0001, 99.93±0.41, 0.0889, 22.73±6.74, <0.0001, 99.53±1.2, 10.37±2.17, 32.94±0.11
../../Results/battery_tic-tac-toe_<class 'sklearn.ensemble._gb.GradientBoostingClassifier'>_recurFalse_p_significance0.95_min_accuracy0.95_minIns15_minImp0.05_sortingtarget_accuracy.csv,  False, <class 'sklearn.ensemble._gb.GradientBoostingClassifier'>, tic-tac-toe, 25.91±10.76, 98.53±3.43, 0.1391, 100.0±0.0, 0.0122, 98.78±2.98, 0.21, 21.23±1.7, <0.0001, 100.0±0.0, 0.0122, 24.53±4.83, <0.0001, 99.51±1.04, 6.07±2.05, 25.79±0.11
../../Results/battery_tic-tac-toe_<class 'sklearn.ensemble._gb.GradientBoostingClassifier'>_recurFalse_p_significance0.95_min_accuracy0.95_minIns20_minImp0.05_sortingtarget_accuracy.csv,  False, <class 'sklearn.ensemble._gb.GradientBoostingClassifier'>, tic-tac-toe, 25.81±8.66, 97.89±2.68, 0.2059, 99.58±1.07, 0.0587, 98.36±2.47, 0.5708, 21.5±1.68, <0.0001, 99.47±1.16, 0.0999, 23.8±7.39, <0.0001, 98.71±2.24, 5.1±1.56, 25.48±0.19
../../Results/battery_tic-tac-toe_<class 'sklearn.ensemble._gb.GradientBoostingClassifier'>_recurFalse_p_significance0.95_min_accuracy0.95_minIns25_minImp0.05_sortingtarget_accuracy.csv,  False, <class 'sklearn.ensemble._gb.GradientBoostingClassifier'>, tic-tac-toe, 21.22±8.14, 99.26±1.45, 0.4855, 99.66±0.93, 0.0817, 98.77±3.75, 0.8187, 21.9±1.84, <0.0001, 99.46±1.31, 0.2441, 23.5±7.34, <0.0001, 98.95±1.99, 3.8±1.03, 21.0±0.16
../../Results/battery_tic-tac-toe_<class 'sklearn.ensemble._gb.GradientBoostingClassifier'>_recurFalse_p_significance0.95_min_accuracy0.95_minIns35_minImp0.05_sortingtarget_accuracy.csv,  False, <class 'sklearn.ensemble._gb.GradientBoostingClassifier'>, tic-tac-toe, 13.98±10.56, 82.97±37.76, 0.8555, 83.04±37.79, 0.8503, 82.97±37.76, 0.8555, 21.17±2.0, <0.0001, 83.01±37.78, 0.8521, 23.93±6.31, <0.0001, 81.19±37.49, 1.9±1.21, 11.35±3.96
../../Results/battery_tic-tac-toe_<class 'sklearn.ensemble._gb.GradientBoostingClassifier'>_recurFalse_p_significance0.95_min_accuracy0.95_minIns50_minImp0.05_sortingtarget_accuracy.csv,  False, <class 'sklearn.ensemble._gb.GradientBoostingClassifier'>, tic-tac-toe, 8.15±7.38, 72.96±44.8, 1.0, 72.96±44.8, 1.0, 73.07±44.84, 0.9929, 21.3±1.84, <0.0001, 72.96±44.8, 1.0, 24.37±6.2, <0.0001, 72.96±44.8, 1.03±0.81, 5.95±3.31
../../Results/battery_tic-tac-toe_<class 'sklearn.ensemble._forest.RandomForestClassifier'>_recurFalse_p_significance0.95_min_accuracy0.95_minIns5_minImp0.05_sortingtarget_accuracy.csv,  False, <class 'sklearn.ensemble._forest.RandomForestClassifier'>, tic-tac-toe, 45.79±6.04, 99.01±1.84, 0.0625, 99.78±0.7, 0.6905, 99.91±0.34, 0.2039, 21.53±2.01, <0.0001, 99.91±0.51, 0.248, 25.4±4.54, <0.0001, 99.71±0.8, 15.37±3.73, 45.66±0.05
../../Results/battery_tic-tac-toe_<class 'sklearn.ensemble._forest.RandomForestClassifier'>_recurFalse_p_significance0.95_min_accuracy0.95_minIns7_minImp0.05_sortingtarget_accuracy.csv,  False, <class 'sklearn.ensemble._forest.RandomForestClassifier'>, tic-tac-toe, 42.83±9.69, 98.99±2.48, 0.2759, 99.83±0.91, 0.6179, 100.0±0.0, 0.3215, 22.17±2.46, <0.0001, 100.0±0.0, 0.3215, 25.37±5.57, <0.0001, 99.63±2.03, 12.93±2.97, 42.67±0.2
../../Results/battery_tic-tac-toe_<class 'sklearn.ensemble._forest.RandomForestClassifier'>_recurFalse_p_significance0.95_min_accuracy0.95_minIns10_minImp0.05_sortingtarget_accuracy.csv,  False, <class 'sklearn.ensemble._forest.RandomForestClassifier'>, tic-tac-toe, 43.04±7.84, 99.41±1.04, 0.0581, 99.84±0.61, 1.0, 99.93±0.39, 0.5078, 20.4±2.36, <0.0001, 100.0±0.0, 0.1579, 23.87±3.64, <0.0001, 99.84±0.61, 10.5±2.11, 42.97±0.05
../../Results/battery_tic-tac-toe_<class 'sklearn.ensemble._forest.RandomForestClassifier'>_recurFalse_p_significance0.95_min_accuracy0.95_minIns15_minImp0.05_sortingtarget_accuracy.csv,  False, <class 'sklearn.ensemble._forest.RandomForestClassifier'>, tic-tac-toe, 34.85±10.37, 99.66±0.79, 0.0216, 100.0±0.0, nan, 100.0±0.0, nan, 21.07±1.78, <0.0001, 100.0±0.0, nan, 26.27±5.66, <0.0001, 100.0±0.0, 7.27±1.44, 34.85±0.0
../../Results/battery_tic-tac-toe_<class 'sklearn.ensemble._forest.RandomForestClassifier'>_recurFalse_p_significance0.95_min_accuracy0.95_minIns20_minImp0.05_sortingtarget_accuracy.csv,  False, <class 'sklearn.ensemble._forest.RandomForestClassifier'>, tic-tac-toe, 30.47±9.87, 99.12±2.37, 0.046, 100.0±0.0, nan, 100.0±0.0, nan, 20.83±1.91, <0.0001, 100.0±0.0, nan, 24.73±4.86, <0.0001, 100.0±0.0, 5.6±1.57, 30.47±0.0
../../Results/battery_tic-tac-toe_<class 'sklearn.ensemble._forest.RandomForestClassifier'>_recurFalse_p_significance0.95_min_accuracy0.95_minIns25_minImp0.05_sortingtarget_accuracy.csv,  False, <class 'sklearn.ensemble._forest.RandomForestClassifier'>, tic-tac-toe, 32.16±10.0, 99.63±0.89, 0.0252, 100.0±0.0, nan, 100.0±0.0, nan, 21.4±1.65, <0.0001, 100.0±0.0, nan, 25.77±4.9, <0.0001, 100.0±0.0, 5.5±1.57, 32.16±0.0
../../Results/battery_tic-tac-toe_<class 'sklearn.ensemble._forest.RandomForestClassifier'>_recurFalse_p_significance0.95_min_accuracy0.95_minIns35_minImp0.05_sortingtarget_accuracy.csv,  False, <class 'sklearn.ensemble._forest.RandomForestClassifier'>, tic-tac-toe, 18.9±7.09, 96.19±18.25, 0.9193, 96.67±18.26, 1.0, 96.67±18.26, 1.0, 21.27±1.48, <0.0001, 96.67±18.26, 1.0, 25.4±4.55, <0.0001, 96.67±18.26, 2.47±0.78, 18.27±1.29
../../Results/battery_tic-tac-toe_<class 'sklearn.ensemble._forest.RandomForestClassifier'>_recurFalse_p_significance0.95_min_accuracy0.95_minIns50_minImp0.05_sortingtarget_accuracy.csv,  False, <class 'sklearn.ensemble._forest.RandomForestClassifier'>, tic-tac-toe, 10.72±6.51, 86.67±34.57, 1.0, 86.67±34.57, 1.0, 86.67±34.57, 1.0, 21.33±2.11, <0.0001, 86.67±34.57, 1.0, 26.73±5.47, <0.0001, 86.67±34.57, 0.97±0.49, 9.29±2.25
../../Results/battery_tic-tac-toe_<class 'sklearn.ensemble._weight_boosting.AdaBoostClassifier'>_recurFalse_p_significance0.95_min_accuracy0.95_minIns5_minImp0.05_sortingtarget_accuracy.csv,  False, <class 'sklearn.ensemble._weight_boosting.AdaBoostClassifier'>, tic-tac-toe, 54.08±7.91, 95.66±4.18, <0.0001, 99.6±0.8, 0.054, 97.18±2.96, 0.0019, 21.1±2.07, 0.0338, 81.03±3.12, <0.0001, 1±0.0, <0.0001, 99.08±1.21, 20±1.84, 53.58±0.1
../../Results/battery_tic-tac-toe_<class 'sklearn.ensemble._weight_boosting.AdaBoostClassifier'>_recurFalse_p_significance0.95_min_accuracy0.95_minIns7_minImp0.05_sortingtarget_accuracy.csv,  False, <class 'sklearn.ensemble._weight_boosting.AdaBoostClassifier'>, tic-tac-toe, 51.75±7.88, 97.08±3.6, 0.0105, 99.6±0.8, 0.0257, 98.44±1.38, 0.1631, 21.6±1.54, <0.0001, 82.03±3.38, <0.0001, 1±0.0, <0.0001, 98.94±1.35, 14.77±2.05, 51.2±0.11
../../Results/battery_tic-tac-toe_<class 'sklearn.ensemble._weight_boosting.AdaBoostClassifier'>_recurFalse_p_significance0.95_min_accuracy0.95_minIns10_minImp0.05_sortingtarget_accuracy.csv,  False, <class 'sklearn.ensemble._weight_boosting.AdaBoostClassifier'>, tic-tac-toe, 42.06±7.43, 96.29±3.43, 0.0124, 99.49±1.12, 0.0287, 97.24±2.95, 0.1369, 21.47±1.96, <0.0001, 79.35±5.78, <0.0001, 1±0.0, <0.0001, 98.32±2.63, 11.47±2.05, 41.35±0.2
../../Results/battery_tic-tac-toe_<class 'sklearn.ensemble._weight_boosting.AdaBoostClassifier'>_recurFalse_p_significance0.95_min_accuracy0.95_minIns15_minImp0.05_sortingtarget_accuracy.csv,  False, <class 'sklearn.ensemble._weight_boosting.AdaBoostClassifier'>, tic-tac-toe, 35.24±9.98, 96.86±3.36, 0.0105, 99.54±1.3, 0.0887, 98.38±2.98, 0.5659, 20.9±1.83, <0.0001, 81.3±7.14, <0.0001, 1±0.0, <0.0001, 98.76±2.08, 7.2±1.4, 34.8±0.21
../../Results/battery_tic-tac-toe_<class 'sklearn.ensemble._weight_boosting.AdaBoostClassifier'>_recurFalse_p_significance0.95_min_accuracy0.95_minIns20_minImp0.05_sortingtarget_accuracy.csv,  False, <class 'sklearn.ensemble._weight_boosting.AdaBoostClassifier'>, tic-tac-toe, 29.89±8.04, 97.69±3.04, 0.2228, 99.48±1.11, 0.0341, 98.2±2.34, 0.5804, 21.7±2.07, <0.0001, 85.16±5.29, <0.0001, 1±0.0, <0.0001, 98.52±2.14, 5.67±1.09, 29.45±0.17
../../Results/battery_tic-tac-toe_<class 'sklearn.ensemble._weight_boosting.AdaBoostClassifier'>_recurFalse_p_significance0.95_min_accuracy0.95_minIns25_minImp0.05_sortingtarget_accuracy.csv,  False, <class 'sklearn.ensemble._weight_boosting.AdaBoostClassifier'>, tic-tac-toe, 27.86±9.96, 98.25±2.4, 0.2052, 99.68±1.08, 0.1363, 98.68±2.53, 0.59, 21.53±1.94, <0.0001, 87.28±6.86, <0.0001, 1±0.0, <0.0001, 99.01±2.19, 4.3±1.06, 27.58±0.22
../../Results/battery_tic-tac-toe_<class 'sklearn.ensemble._weight_boosting.AdaBoostClassifier'>_recurFalse_p_significance0.95_min_accuracy0.95_minIns35_minImp0.05_sortingtarget_accuracy.csv,  False, <class 'sklearn.ensemble._weight_boosting.AdaBoostClassifier'>, tic-tac-toe, 17.08±9.95, 97.32±10.95, 0.7131, 99.68±0.86, 0.0211, 99.58±1.15, 0.0334, 22.33±1.71, <0.0001, 95.73±5.17, 0.0429, 1±0.0, <0.0001, 98.1±3.54, 1.97±0.81, 16.75±0.35
../../Results/battery_tic-tac-toe_<class 'sklearn.ensemble._weight_boosting.AdaBoostClassifier'>_recurFalse_p_significance0.95_min_accuracy0.95_minIns50_minImp0.05_sortingtarget_accuracy.csv,  False, <class 'sklearn.ensemble._weight_boosting.AdaBoostClassifier'>, tic-tac-toe, 13.54±9.94, 79.07±40.32, 0.9826, 79.54±40.48, 0.9467, 79.62±40.51, 0.9405, 21.7±2.15, <0.0001, 78.84±40.19, 1.0, 1±0.0, 0.4733, 78.84±40.19, 1.1±0.76, 10.68±3.99
../../Results/battery_tic-tac-toe_<class 'catboost.core.CatBoostClassifier'>_recurTrue_p_significance0.95_min_accuracy0.95_minIns5_minImp0.05_sortingtarget_accuracy.csv,  True, <class 'catboost.core.CatBoostClassifier'>, tic-tac-toe, 63.88±7.34, 97.28±2.08, 0.0005, 84.52±3.37, <0.0001, 98.04±1.51, 0.0214, 21.6±1.79, 0.8012, 84.52±3.37, <0.0001, 1±0.0, <0.0001, 98.78±0.85, 21.8±3.94, 63.11±0.06
../../Results/battery_tic-tac-toe_<class 'catboost.core.CatBoostClassifier'>_recurTrue_p_significance0.95_min_accuracy0.95_minIns7_minImp0.05_sortingtarget_accuracy.csv,  True, <class 'catboost.core.CatBoostClassifier'>, tic-tac-toe, 59.65±7.5, 97.71±2.39, 0.0029, 88.02±3.95, <0.0001, 98.96±1.55, 0.5211, 21.6±1.94, <0.0001, 88.02±3.95, <0.0001, 1±0.0, <0.0001, 99.17±0.95, 17.3±3.71, 59.15±0.07
../../Results/battery_tic-tac-toe_<class 'catboost.core.CatBoostClassifier'>_recurTrue_p_significance0.95_min_accuracy0.95_minIns10_minImp0.05_sortingtarget_accuracy.csv,  True, <class 'catboost.core.CatBoostClassifier'>, tic-tac-toe, 55.85±5.94, 98.3±1.67, 0.0043, 88.73±3.26, <0.0001, 98.8±2.15, 0.2151, 21.2±2.31, <0.0001, 88.73±3.26, <0.0001, 1±0.0, <0.0001, 99.33±0.89, 12.03±3.37, 55.47±0.05
../../Results/battery_tic-tac-toe_<class 'catboost.core.CatBoostClassifier'>_recurTrue_p_significance0.95_min_accuracy0.95_minIns15_minImp0.05_sortingtarget_accuracy.csv,  True, <class 'catboost.core.CatBoostClassifier'>, tic-tac-toe, 56.65±9.59, 97.99±1.81, 0.2601, 89.56±4.14, <0.0001, 98.51±2.14, 0.677, 21.47±2.18, <0.0001, 89.56±4.14, <0.0001, 1±0.0, <0.0001, 98.82±3.56, 11.33±1.42, 55.99±0.34
../../Results/battery_tic-tac-toe_<class 'catboost.core.CatBoostClassifier'>_recurTrue_p_significance0.95_min_accuracy0.95_minIns20_minImp0.05_sortingtarget_accuracy.csv,  True, <class 'catboost.core.CatBoostClassifier'>, tic-tac-toe, 51.12±7.76, 98.22±2.04, 0.2772, 88.86±3.16, <0.0001, 98.77±1.61, 0.874, 21.7±1.88, <0.0001, 88.86±3.16, <0.0001, 1±0.0, <0.0001, 98.86±2.49, 8.87±1.57, 50.53±0.19
../../Results/battery_tic-tac-toe_<class 'catboost.core.CatBoostClassifier'>_recurTrue_p_significance0.95_min_accuracy0.95_minIns25_minImp0.05_sortingtarget_accuracy.csv,  True, <class 'catboost.core.CatBoostClassifier'>, tic-tac-toe, 48.78±8.59, 99.02±1.65, 0.9751, 88.16±4.13, <0.0001, 99.01±1.26, 0.9796, 21.63±1.85, <0.0001, 88.16±4.13, <0.0001, 1±0.0, <0.0001, 99.0±2.87, 7.43±1.36, 48.29±0.25
../../Results/battery_tic-tac-toe_<class 'catboost.core.CatBoostClassifier'>_recurTrue_p_significance0.95_min_accuracy0.95_minIns35_minImp0.05_sortingtarget_accuracy.csv,  True, <class 'catboost.core.CatBoostClassifier'>, tic-tac-toe, 42.35±9.21, 99.25±1.52, 0.4503, 92.6±3.58, <0.0001, 99.64±1.06, 0.0942, 21.03±1.85, <0.0001, 92.6±3.58, <0.0001, 1±0.0, <0.0001, 98.88±2.22, 4.73±0.94, 41.87±0.2
../../Results/battery_tic-tac-toe_<class 'catboost.core.CatBoostClassifier'>_recurTrue_p_significance0.95_min_accuracy0.95_minIns50_minImp0.05_sortingtarget_accuracy.csv,  True, <class 'catboost.core.CatBoostClassifier'>, tic-tac-toe, 36.68±10.26, 99.6±1.06, 0.1554, 98.21±4.35, 0.7866, 99.88±0.49, 0.0676, 21.6±1.73, <0.0001, 98.21±4.35, 0.7866, 1±0.0, <0.0001, 98.51±4.01, 2.93±1.08, 36.13±0.41
../../Results/battery_tic-tac-toe_<class 'sklearn.ensemble._gb.GradientBoostingClassifier'>_recurTrue_p_significance0.95_min_accuracy0.95_minIns5_minImp0.05_sortingtarget_accuracy.csv,  True, <class 'sklearn.ensemble._gb.GradientBoostingClassifier'>, tic-tac-toe, 70.05±8.0, 96.2±2.64, 0.0042, 99.86±0.35, <0.0001, 97.11±2.5, 0.138, 20.8±2.07, <0.0001, 99.77±0.48, <0.0001, 22.07±5.23, <0.0001, 97.99±1.96, 33.03±3.9, 68.64±0.16
../../Results/battery_tic-tac-toe_<class 'sklearn.ensemble._gb.GradientBoostingClassifier'>_recurTrue_p_significance0.95_min_accuracy0.95_minIns7_minImp0.05_sortingtarget_accuracy.csv,  True, <class 'sklearn.ensemble._gb.GradientBoostingClassifier'>, tic-tac-toe, 67.53±13.49, 95.15±4.03, 0.0522, 99.78±0.58, 0.0005, 95.71±5.27, 0.2283, 20.93±2.16, 0.0003, 99.55±0.95, 0.0016, 19.93±6.08, 0.0024, 97.16±3.83, 24.2±4.12, 65.61±0.52
../../Results/battery_tic-tac-toe_<class 'sklearn.ensemble._gb.GradientBoostingClassifier'>_recurTrue_p_significance0.95_min_accuracy0.95_minIns10_minImp0.05_sortingtarget_accuracy.csv,  True, <class 'sklearn.ensemble._gb.GradientBoostingClassifier'>, tic-tac-toe, 69.42±14.13, 94.79±3.54, 0.4169, 99.85±0.34, <0.0001, 96.96±2.69, 0.0036, 21.47±2.03, <0.0001, 99.45±0.81, <0.0001, 23.77±6.13, <0.0001, 93.9±4.82, 18.3±3.58, 65.19±0.68
../../Results/battery_tic-tac-toe_<class 'sklearn.ensemble._gb.GradientBoostingClassifier'>_recurTrue_p_significance0.95_min_accuracy0.95_minIns15_minImp0.05_sortingtarget_accuracy.csv,  True, <class 'sklearn.ensemble._gb.GradientBoostingClassifier'>, tic-tac-toe, 61.66±16.89, 95.92±3.45, 0.1112, 100.0±0.0, <0.0001, 97.67±1.93, 0.0006, 22.07±1.6, <0.0001, 99.27±1.01, <0.0001, 23.27±5.89, <0.0001, 94.12±5.02, 13.67±3.15, 58.04±0.85
../../Results/battery_tic-tac-toe_<class 'sklearn.ensemble._gb.GradientBoostingClassifier'>_recurTrue_p_significance0.95_min_accuracy0.95_minIns20_minImp0.05_sortingtarget_accuracy.csv,  True, <class 'sklearn.ensemble._gb.GradientBoostingClassifier'>, tic-tac-toe, 57.52±22.37, 97.31±3.4, 0.0014, 99.78±0.61, <0.0001, 97.86±2.58, 0.0002, 20.97±2.3, <0.0001, 99.6±0.75, <0.0001, 22.77±6.33, <0.0001, 92.87±6.4, 9.9±2.9, 53.42±1.43
../../Results/battery_tic-tac-toe_<class 'sklearn.ensemble._gb.GradientBoostingClassifier'>_recurTrue_p_significance0.95_min_accuracy0.95_minIns25_minImp0.05_sortingtarget_accuracy.csv,  True, <class 'sklearn.ensemble._gb.GradientBoostingClassifier'>, tic-tac-toe, 48.84±23.46, 94.02±17.89, 0.3787, 96.42±18.22, 0.169, 94.58±18.2, 0.3222, 21.33±2.11, <0.0001, 96.14±18.18, 0.1874, 23.93±5.98, <0.0001, 89.93±17.88, 6.87±2.73, 43.93±4.19
../../Results/battery_tic-tac-toe_<class 'sklearn.ensemble._gb.GradientBoostingClassifier'>_recurTrue_p_significance0.95_min_accuracy0.95_minIns35_minImp0.05_sortingtarget_accuracy.csv,  True, <class 'sklearn.ensemble._gb.GradientBoostingClassifier'>, tic-tac-toe, 19.78±18.73, 78.48±40.05, 0.9729, 79.91±40.64, 0.8647, 79.14±40.33, 0.9225, 21.23±1.92, <0.0001, 79.77±40.58, 0.8747, 24.73±5.58, <0.0001, 78.13±40.03, 2.8±2.16, 15.45±7.5
../../Results/battery_tic-tac-toe_<class 'sklearn.ensemble._gb.GradientBoostingClassifier'>_recurTrue_p_significance0.95_min_accuracy0.95_minIns50_minImp0.05_sortingtarget_accuracy.csv,  True, <class 'sklearn.ensemble._gb.GradientBoostingClassifier'>, tic-tac-toe, 13.61±9.91, 76.0±42.69, 0.9869, 76.36±42.86, 0.9609, 75.62±42.53, 0.986, 21.43±2.03, <0.0001, 76.52±42.94, 0.9495, 24.6±6.19, <0.0001, 75.82±42.64, 1.57±1.1, 10.32±4.22
../../Results/battery_tic-tac-toe_<class 'sklearn.ensemble._forest.RandomForestClassifier'>_recurTrue_p_significance0.95_min_accuracy0.95_minIns5_minImp0.05_sortingtarget_accuracy.csv,  True, <class 'sklearn.ensemble._forest.RandomForestClassifier'>, tic-tac-toe, 66.6±6.8, 97.31±1.7, 0.0039, 95.43±2.39, <0.0001, 97.49±1.72, 0.0128, 20.97±2.17, <0.0001, 99.67±0.66, 0.0019, 24.7±4.24, 0.0043, 98.61±1.66, 27.87±4.02, 65.67±0.11
../../Results/battery_tic-tac-toe_<class 'sklearn.ensemble._forest.RandomForestClassifier'>_recurTrue_p_significance0.95_min_accuracy0.95_minIns7_minImp0.05_sortingtarget_accuracy.csv,  True, <class 'sklearn.ensemble._forest.RandomForestClassifier'>, tic-tac-toe, 65.09±7.8, 97.04±2.29, <0.0001, 96.97±2.34, <0.0001, 97.83±2.05, 0.0004, 20.87±2.1, 0.0502, 99.7±0.58, 0.0208, 25.87±4.28, 0.0002, 99.31±0.71, 22.13±2.76, 64.64±0.06
../../Results/battery_tic-tac-toe_<class 'sklearn.ensemble._forest.RandomForestClassifier'>_recurTrue_p_significance0.95_min_accuracy0.95_minIns10_minImp0.05_sortingtarget_accuracy.csv,  True, <class 'sklearn.ensemble._forest.RandomForestClassifier'>, tic-tac-toe, 53.73±8.74, 97.85±2.13, <0.0001, 98.89±1.47, 0.025, 98.64±1.84, 0.0118, 21.47±2.06, <0.0001, 99.96±0.24, 0.0076, 25.23±3.34, <0.0001, 99.58±0.71, 15.53±2.69, 53.5±0.06
../../Results/battery_tic-tac-toe_<class 'sklearn.ensemble._forest.RandomForestClassifier'>_recurTrue_p_significance0.95_min_accuracy0.95_minIns15_minImp0.05_sortingtarget_accuracy.csv,  True, <class 'sklearn.ensemble._forest.RandomForestClassifier'>, tic-tac-toe, 57.07±16.53, 97.5±2.55, 0.1651, 97.33±3.32, 0.2295, 98.38±2.2, 0.037, 21.67±2.47, <0.0001, 99.75±0.61, 0.0013, 26.93±5.15, <0.0001, 95.71±6.51, 11.27±2.53, 54.62±1.08
../../Results/battery_tic-tac-toe_<class 'sklearn.ensemble._forest.RandomForestClassifier'>_recurTrue_p_significance0.95_min_accuracy0.95_minIns20_minImp0.05_sortingtarget_accuracy.csv,  True, <class 'sklearn.ensemble._forest.RandomForestClassifier'>, tic-tac-toe, 49.01±12.94, 97.94±2.22, 0.972, 99.13±1.71, 0.1133, 98.75±1.63, 0.2805, 22.07±2.03, <0.0001, 99.76±0.81, 0.01, 25.53±5.06, <0.0001, 97.96±3.6, 8.4±1.69, 48.01±0.47
../../Results/battery_tic-tac-toe_<class 'sklearn.ensemble._forest.RandomForestClassifier'>_recurTrue_p_significance0.95_min_accuracy0.95_minIns25_minImp0.05_sortingtarget_accuracy.csv,  True, <class 'sklearn.ensemble._forest.RandomForestClassifier'>, tic-tac-toe, 47.18±16.24, 98.09±2.49, 0.2526, 98.37±2.42, 0.1573, 98.87±2.01, 0.053, 21.27±2.41, <0.0001, 99.87±0.41, 0.0023, 26.7±5.03, <0.0001, 96.89±5.09, 7.1±1.24, 45.71±0.83
../../Results/battery_tic-tac-toe_<class 'sklearn.ensemble._forest.RandomForestClassifier'>_recurTrue_p_significance0.95_min_accuracy0.95_minIns35_minImp0.05_sortingtarget_accuracy.csv,  True, <class 'sklearn.ensemble._forest.RandomForestClassifier'>, tic-tac-toe, 52.05±18.52, 94.76±18.07, 0.4079, 94.03±18.05, 0.5001, 94.71±18.18, 0.4151, 21.3±1.73, <0.0001, 96.47±18.23, 0.2383, 26.2±4.36, <0.0001, 90.83±18.46, 5.47±1.74, 47.28±3.42
../../Results/battery_tic-tac-toe_<class 'sklearn.ensemble._forest.RandomForestClassifier'>_recurTrue_p_significance0.95_min_accuracy0.95_minIns50_minImp0.05_sortingtarget_accuracy.csv,  True, <class 'sklearn.ensemble._forest.RandomForestClassifier'>, tic-tac-toe, 32.19±18.06, 95.96±18.19, 0.7372, 95.8±18.2, 0.7635, 96.2±18.23, 0.7001, 21.4±2.51, <0.0001, 96.63±18.25, 0.6361, 25.33±4.71, <0.0001, 94.37±18.56, 2.37±1.3, 30.38±3.35
../../Results/battery_tic-tac-toe_<class 'sklearn.ensemble._weight_boosting.AdaBoostClassifier'>_recurTrue_p_significance0.95_min_accuracy0.95_minIns5_minImp0.05_sortingtarget_accuracy.csv,  True, <class 'sklearn.ensemble._weight_boosting.AdaBoostClassifier'>, tic-tac-toe, 73.74±7.22, 94.65±3.21, <0.0001, 99.62±0.65, 0.0014, 96.94±2.69, 0.0175, 21.73±2.05, <0.0001, 78.87±2.75, <0.0001, 1±0.0, <0.0001, 98.41±1.86, 30.53±3.41, 72.56±0.13
../../Results/battery_tic-tac-toe_<class 'sklearn.ensemble._weight_boosting.AdaBoostClassifier'>_recurTrue_p_significance0.95_min_accuracy0.95_minIns7_minImp0.05_sortingtarget_accuracy.csv,  True, <class 'sklearn.ensemble._weight_boosting.AdaBoostClassifier'>, tic-tac-toe, 72.64±7.97, 94.61±4.39, <0.0001, 99.27±0.89, 0.0889, 96.89±2.18, 0.0006, 21.07±2.32, 0.0009, 79.16±2.98, <0.0001, 1±0.0, <0.0001, 98.69±1.6, 23.13±2.24, 71.69±0.13
../../Results/battery_tic-tac-toe_<class 'sklearn.ensemble._weight_boosting.AdaBoostClassifier'>_recurTrue_p_significance0.95_min_accuracy0.95_minIns10_minImp0.05_sortingtarget_accuracy.csv,  True, <class 'sklearn.ensemble._weight_boosting.AdaBoostClassifier'>, tic-tac-toe, 63.26±5.88, 95.67±3.71, 0.0012, 99.28±0.82, 0.0054, 96.64±3.5, 0.0305, 21.13±1.91, <0.0001, 82.18±3.08, <0.0001, 1±0.0, <0.0001, 98.23±1.8, 18.8±2.22, 62.15±0.11
../../Results/battery_tic-tac-toe_<class 'sklearn.ensemble._weight_boosting.AdaBoostClassifier'>_recurTrue_p_significance0.95_min_accuracy0.95_minIns15_minImp0.05_sortingtarget_accuracy.csv,  True, <class 'sklearn.ensemble._weight_boosting.AdaBoostClassifier'>, tic-tac-toe, 67.74±12.42, 95.25±2.73, 0.0238, 99.34±0.99, <0.0001, 97.01±2.14, 0.8479, 21.2±2.19, <0.0001, 83.23±2.92, <0.0001, 1±0.0, <0.0001, 96.89±2.76, 13.9±2.58, 65.64±0.34
../../Results/battery_tic-tac-toe_<class 'sklearn.ensemble._weight_boosting.AdaBoostClassifier'>_recurTrue_p_significance0.95_min_accuracy0.95_minIns20_minImp0.05_sortingtarget_accuracy.csv,  True, <class 'sklearn.ensemble._weight_boosting.AdaBoostClassifier'>, tic-tac-toe, 57.55±10.38, 96.22±2.42, 0.0068, 99.47±0.75, 0.0122, 97.23±2.54, 0.2044, 21.87±1.93, <0.0001, 86.11±3.67, <0.0001, 1±0.0, <0.0001, 98.11±2.78, 10.73±2.59, 56.46±0.29
../../Results/battery_tic-tac-toe_<class 'sklearn.ensemble._weight_boosting.AdaBoostClassifier'>_recurTrue_p_significance0.95_min_accuracy0.95_minIns25_minImp0.05_sortingtarget_accuracy.csv,  True, <class 'sklearn.ensemble._weight_boosting.AdaBoostClassifier'>, tic-tac-toe, 58.2±14.82, 96.24±3.61, 0.5086, 99.24±0.88, <0.0001, 97.45±3.02, 0.0526, 22.8±2.23, <0.0001, 87.68±3.65, <0.0001, 1±0.0, <0.0001, 95.55±4.3, 8.83±2.2, 55.61±0.64
../../Results/battery_tic-tac-toe_<class 'sklearn.ensemble._weight_boosting.AdaBoostClassifier'>_recurTrue_p_significance0.95_min_accuracy0.95_minIns35_minImp0.05_sortingtarget_accuracy.csv,  True, <class 'sklearn.ensemble._weight_boosting.AdaBoostClassifier'>, tic-tac-toe, 34.58±15.27, 98.61±2.19, 0.0227, 99.53±0.99, 0.0003, 99.34±1.16, 0.0008, 21.47±2.33, <0.0001, 93.01±4.45, 0.0012, 1±0.0, <0.0001, 96.69±3.91, 3.93±1.53, 33.44±0.6
../../Results/battery_tic-tac-toe_<class 'sklearn.ensemble._weight_boosting.AdaBoostClassifier'>_recurTrue_p_significance0.95_min_accuracy0.95_minIns50_minImp0.05_sortingtarget_accuracy.csv,  True, <class 'sklearn.ensemble._weight_boosting.AdaBoostClassifier'>, tic-tac-toe, 22.14±13.98, 92.45±25.2, 0.8645, 92.63±25.24, 0.8433, 92.75±25.24, 0.8293, 21.83±1.84, <0.0001, 91.34±25.02, 1.0, 1±0.0, 0.0001, 91.34±25.02, 1.9±1.21, 20.22±3.5
